id,name,model_id:id,group_id:id,perm_read,perm_write,perm_create,perm_unlink
access_document_directory_user,Directory User,document_management.model_document_directory,document_management.group_document_user,1,0,0,0
access_document_directory_manager,Directory Manager,document_management.model_document_directory,document_management.group_document_manager,1,1,1,1
access_document_document_user,Document Document User,model_document_document,document_management.group_document_user,1,0,0,0
access_document_document_manager,Document Document Manager,model_document_document,document_management.group_document_manager,1,1,1,1
access_document_tag_user,access_document_tag,model_document_tag,document_management.group_document_user,1,0,0,0
access_document_tag_manager,access_document_tag,model_document_tag,document_management.group_document_manager,1,1,1,1
