<?xml version="1.0" encoding="utf-8"?>
<openerp>
	<data>
	<template id="report_purchase_discount_inherit" inherit_id="purchase.report_purchaseorder_document">
				<xpath expr="//table[@class='table table-condensed']" position="replace">
							<table class="table table-condensed">
                <thead>
                    <tr>
                        <th><strong>Description</strong></th>
                        <th><strong>Taxes</strong></th>
                        <th class="text-center"><strong>Date Req.</strong></th>
                        <th class="text-right"><strong>Qty</strong></th>
                        <th class="text-right"><strong>Discount %</strong></th>
                        <th class="text-right"><strong>Unit Price</strong></th>
                        <th class="text-right"><strong>Net Price</strong></th>
                    </tr>
                </thead>
                <tbody>
                    <tr t-foreach="o.order_line" t-as="line">
                        <td>
                            <span t-field="line.name"/>
                        </td>
                        <td>
                            <span t-esc="', '.join(map(lambda x: x.name, line.taxes_id))"/>
                        </td>
                        <td class="text-center">
                            <span t-field="line.date_planned"/>
                        </td>
                        <td class="text-right">
                            <span t-field="line.product_qty"/>
                            <span t-field="line.product_uom.name" groups="product.group_uom"/>
                        </td>
                        
                        <td class="text-right">
                            <span t-field="line.discount"/>
                        </td>
                        <td class="text-right">
                            <span t-field="line.price_unit"/>
                        </td>
                        <td class="text-right">
                            <span t-field="line.price_subtotal"
                                t-options='{"widget": "monetary", "display_currency": o.currency_id}'/>
                        </td>
                    </tr>
                </tbody>
            </table>
</xpath>
</template>
	</data>
</openerp>
